Name,Free Qty,Pledged Qty,Day Change %,LTP,Quantity,Day Change,Current Value,Source Name,Display Name,Symbol,Yahoo Ticker,Theme,Ticker Confidence,Ticker Note,Day P&L,Weight %,Portfolio Bucket,Coordination Priority,Suggested Discussion,Technical Downloaded,Technical Status,Technical Score,Technical Note,Technical Error,RS Trend,RS vs 50D %,RS 3M %,RS Leader,RSI 14,P&F Signal,Above 50DMA,Above 200DMA,50DMA Distance %,200DMA Distance %,52W High Distance %,Price Source,Price Date,Last Refreshed,Evidence Quality,Signal Agreement,Signal Note,Previous Close,Session Volume,Volume vs 20D,Price Timestamp,Quote Type,Quote Status,Quote Note,Intraday Alert,Technical As Of,P&L Matched,P&L Lots,P&L Quantity,Costed Quantity,Uncosted Quantity,Known Cost Value,Average Recorded Cost,Broker Unrealized P&L,Return on Recorded Cost %,Earliest Buy Date,Latest Buy Date,Cost Basis Coverage %,Quantity Reconciliation %,Cost Basis Status,Cost Basis Note
ADITYA BIRLA LIFES BRAN L,300.0,0.0,0.708828572428355,72.45999908447266,300.0,0.5100021362304688,21737.9997253418,ADITYA BIRLA LIFES BRAN L,Aditya Birla Lifestyle Brands,Aditya Birla Lifestyle Brands,ABLBL.NS,Consumption / Apparel,Mapped,Ticker mapped for Yahoo/NSE refresh.,153.00064086914062,0.515177139078321,Monitor,Low,No urgent action; monitor with the rest of the portfolio.,True,Risk review,0.0,Relative strength is below its 50-day average; rsi is weak or oversold; p&f shows a bearish breakdown,,"[100.0,102.2,103.34,100.15,100.18,100.21,98.98,99.68,100.12,100.11,98.41,98.11,95.9,96.88,96.5,99.41,97.09,96.28,95.71,94.96,96.61,96.34,94.64,93.15,92.99,93.43,92.6,96.02,94.61,94.05,92.87,92.61,92.52,91.8,91.81,91.86,92.91,93.16,91.41,92.34,91.69,91.51,91.72,90.86,90.88,91.41,90.88,88.03,87.9,86.55,86.04,85.53,86.56,85.69,83.91,83.16,82.71,81.71,81.65,82.36,81.66,80.87,82.51,82.27,80.38,80.85,83.54,83.39,82.19,82.39,82.44,82.05,83.13,82.56,81.79,79.86,79.6,79.46,78.1,78.94,79.26,78.9,79.53,79.06,77.78,76.34,75.19,76.31,76.58,75.95]",-8.354592712901754,-17.982207451966627,False,19.79,Bearish P&F breakdown,False,False,-14.148655163064205,-26.814495666136974,-50.747279282972,ABLBL.NS,2026-10-09,2026-10-09T16:24+05:30,High,Broad weakness,Several measured trend and momentum signals agree negatively.,71.94999694824219,1172469.0,0.3653145806247539,2026-10-09 15:25 IST,Yahoo 5-minute quote,Updated,,,2026-10-09,True,1.0,300.0,300.0,0.0,300.0,1.0,28155.0,9385.0,2025-06-20,2025-06-20,100.0,100.0,Corporate action cost review,"Quantity reconciles, but the recorded cost is nominal or produces an extreme return; confirm the corporate-action cost allocation before relying on it."
ASHOK LEYLAND LTD,600.0,0.0,0.0275777720001091,145.05999755859375,600.0,0.0399932861328125,87035.99853515625,ASHOK LEYLAND LTD,Ashok Leyland,Ashok Leyland,ASHOKLEY.NS,Auto,Mapped,Ticker mapped for Yahoo/NSE refresh.,23.9959716796875,2.062699295643758,Monitor,Low,No urgent action; monitor with the rest of the portfolio.,True,Risk review,0.0,Relative strength is below its 50-day average; rsi is weak or oversold; p&f shows a bearish breakdown,,"[100.0,98.61,99.57,97.55,98.27,98.11,96.85,104.08,106.21,106.11,106.51,105.42,104.12,104.09,101.21,103.22,107.69,105.86,105.65,108.0,109.05,108.94,109.61,108.32,104.6,102.51,102.79,103.75,101.69,102.29,101.5,102.04,101.14,100.3,100.5,100.38,100.55,101.91,103.29,102.94,103.36,108.19,112.42,111.35,114.52,115.43,115.13,112.08,112.53,113.47,112.92,110.79,114.2,114.11,111.98,111.94,111.31,111.42,111.83,114.82,113.88,112.56,111.96,110.15,109.22,109.86,109.89,111.01,110.1,109.4,109.22,107.65,105.17,105.05,105.46,107.44,106.63,105.98,106.79,105.84,107.31,106.32,106.2,106.73,105.33,106.36,105.83,103.51,103.41,101.86]",-6.892697442867135,-0.908801558666883,False,29.41,Bearish P&F breakdown,False,False,-12.757306035965076,-14.43887319047793,-30.381948118702283,ASHOKLEY.NS,2026-10-09,2026-10-09T16:24+05:30,High,Broad positive confirmation,Most measured trend and momentum signals agree positively.,145.02000427246094,10562379.0,0.8487749838874546,2026-10-09 15:15 IST,Yahoo 5-minute quote,Updated,,,2026-10-09,True,2.0,600.0,300.0,300.0,50712.3,169.041,55487.7,109.41665039842404,2023-06-19,2025-07-16,50.0,100.0,Corporate action cost review,"Quantity reconciles, but one or more lots carry zero recorded cost, usually requiring corporate-action cost allocation."
ASTER DM QUALITY CARE LTD,180.0,0.0,3.352277981754081,699.8499755859375,180.0,22.699951171875,125972.99560546876,ASTER DM QUALITY CARE LTD,Aster DM Quality Care,Aster DM Quality Care,ASTERDM.NS,Healthcare,Mapped,Ticker mapped for Yahoo/NSE refresh.,4085.9912109375,2.985482026733757,Monitor,Medium,No urgent action; monitor with the rest of the portfolio.,True,Risk review,0.0,Relative strength is below its 50-day average; p&f shows a bearish breakdown,,"[100.0,100.6,103.17,105.81,107.83,112.49,113.54,111.07,105.78,104.26,102.07,104.73,107.4,104.42,102.17,102.39,102.9,102.84,104.92,103.08,104.53,104.96,104.27,103.96,104.21,106.44,105.4,106.01,106.38,107.59,106.26,107.6,106.33,105.81,105.2,104.33,104.4,105.16,106.51,106.47,106.25,106.86,104.81,107.83,108.77,109.64,112.62,111.52,109.86,106.14,105.44,105.98,105.54,105.67,103.35,98.45,97.82,96.39,97.81,97.57,96.74,95.69,96.21,97.72,98.69,101.93,102.0,103.72,102.8,102.05,100.61,100.15,99.36,99.33,100.97,99.36,99.6,98.81,99.48,103.26,102.27,102.2,101.42,96.34,99.06,96.22,94.12,94.22,96.4,98.11]",-3.3815579284535047,-6.921255522163294,False,37.8,Bearish P&F breakdown,False,False,-9.44532795225388,-1.2318446814492234,-19.529726829607206,ASTERDM.NS,2026-10-09,2026-10-09T16:24+05:30,High,Broad positive confirmation,Most measured trend and momentum signals agree positively.,677.1500244140625,858348.0,0.6608865108502557,2026-10-09 15:30 IST,Yahoo 5-minute quote,Updated,,,2026-10-09,True,1.0,180.0,180.0,0.0,57941.568,321.8976,91998.43,158.77794332386722,2023-01-08,2023-01-08,100.0,100.0,Cost basis available,Quantity and recorded acquisition cost reconcile with the current holding.
ASTRAZENECA PHARMA IND LT,26.0,0.0,2.0543753824634914,5837.0,26.0,117.5,151762.0,ASTRAZENECA PHARMA IND LT,AstraZeneca Pharma India,AstraZeneca Pharma India,ASTRAZEN.NS,Pharma,Mapped,Ticker mapped for Yahoo/NSE refresh.,3055.0,3.596665469162656,Monitor,Low,No urgent action; monitor with the rest of the portfolio.,True,Risk review,0.0,Relative strength is below its 50-day average; rsi is weak or oversold; p&f shows a bearish breakdown,,"[100.0,99.08,100.45,98.37,98.45,97.92,98.01,95.99,96.69,97.02,96.84,96.71,95.53,96.71,96.95,95.87,95.84,92.39,93.93,92.72,92.99,93.88,92.62,92.26,92.9,91.35,90.3,92.08,91.56,91.65,90.32,89.89,89.69,89.82,90.21,89.39,90.81,91.48,90.22,90.91,90.2,90.28,91.51,90.95,89.81,89.91,90.95,89.21,87.57,86.92,85.48,85.68,84.35,84.69,83.07,82.78,81.68,79.61,78.32,78.53,78.42,77.91,75.86,76.49,76.48,77.08,77.3,76.58,76.68,77.12,77.22,76.13,76.96,77.03,75.91,76.18,75.05,75.75,75.26,75.92,75.12,73.64,74.11,73.3,72.27,70.51,70.49,70.28,69.82,70.17]",-11.68562889101431,-22.295957459514927,False,22.26,Bearish P&F breakdown,False,False,-17.313928006312295,-27.85852513363576,-40.34011125701744,ASTRAZEN.NS,2026-10-09,2026-10-09T16:24+05:30,High,Broad weakness,Several measured trend and momentum signals agree negatively.,5719.5,8822.0,0.9516361302431948,2026-10-09 15:25 IST,Yahoo 5-minute quote,Updated,,,2026-10-09,True,1.0,26.0,26.0,0.0,99475.6048,3825.9848,109538.4,110.1158421908886,2023-03-07,2023-03-07,100.0,100.0,Cost basis available,Quantity and recorded acquisition cost reconcile with the current holding.
AVADH SUG & ENERGY LTD,74.0,0.0,0.659891680866842,945.75,74.0,6.20001220703125,69985.5,AVADH SUG & ENERGY LTD,Avadh Sugar & Energy,Avadh Sugar & Energy,AVADHSUGAR.NS,Sugar / Energy,Mapped,Ticker mapped for Yahoo/NSE refresh.,458.8009033203125,1.6586130335135478,Monitor,Low,No urgent action; monitor with the rest of the portfolio.,True,Leader / hold,85.0,Price is above the 50dma; price is above the 200dma; relative strength is above its 50-day average; p&f shows a bullish breakout,,"[100.0,101.26,97.74,101.45,98.96,98.27,98.81,96.02,96.27,94.32,93.62,93.85,92.7,93.83,94.5,93.25,92.94,97.67,96.6,99.61,100.38,105.53,110.28,106.73,104.21,106.65,106.67,109.29,109.91,108.19,108.59,111.25,110.06,114.04,113.86,112.93,110.84,111.19,109.73,106.96,106.09,104.0,114.06,126.15,124.95,124.28,123.58,129.67,129.52,127.61,129.41,133.64,148.24,145.89,152.54,166.33,170.25,169.61,163.59,165.4,163.71,168.5,172.82,168.56,167.37,170.9,166.84,173.8,172.69,170.74,165.56,160.37,155.93,154.51,151.95,152.61,153.08,153.14,151.86,154.44,170.31,175.51,174.07,175.57,169.64,185.66,190.59,206.17,212.35,210.5]",33.657194863364204,97.34019156432578,True,73.2,Bullish P&F breakout,True,True,25.664029776772622,86.7883354559055,0.0,AVADHSUGAR.NS,2026-10-09,2026-10-09T16:24+05:30,High,Broad positive confirmation,Most measured trend and momentum signals agree positively.,939.5499877929688,114196.0,0.5671824300396694,2026-10-09 15:25 IST,Yahoo 5-minute quote,Updated,,,2026-10-09,False,,,,,,,,,,,,,No matched cost record,No matching open lot was found in the supplied P&L report.
BSE LIMITED,90.0,0.0,-1.427374863838604,3287.199951171875,90.0,-47.60009765625,295847.99560546875,BSE LIMITED,BSE,BSE,BSE.NS,Market Infrastructure,Mapped,Ticker mapped for Yahoo/NSE refresh.,-4284.0087890625,7.01141438512391,Core exposure,Medium,Meaningful exposure; keep the thesis and technical structure under review.,True,Loss + weak structure,40.0,Relative strength is above its 50-day average; rsi is in a constructive momentum zone,,"[100.0,101.26,97.78,99.63,100.42,100.16,99.93,101.45,102.18,102.47,98.16,98.21,98.25,98.2,96.86,95.23,95.42,95.49,95.23,96.49,93.34,93.02,92.27,89.37,92.06,92.44,91.72,91.39,91.63,90.46,89.04,86.81,87.88,88.01,88.26,87.92,87.11,85.7,83.6,85.09,85.1,87.52,84.89,86.32,84.31,82.36,82.67,85.4,85.55,83.5,82.75,82.03,79.22,78.92,79.95,78.15,76.88,78.53,77.96,78.63,78.77,80.4,77.13,77.21,75.98,79.07,81.74,82.96,81.52,79.45,80.13,82.02,81.93,80.18,79.89,79.38,76.83,78.63,79.05,78.98,79.37,78.22,81.66,78.91,78.6,81.71,83.9,85.84,87.67,85.1]",4.987018551024303,-7.218966543019101,True,50.93,"Rising P&F column, no fresh breakout yet",False,False,-1.531252005621997,-0.8081157612477519,-25.150217994539183,BSE.NS,2026-10-09,2026-10-09T16:24+05:30,High,Mixed evidence,The indicators do not yet agree strongly enough for a directional classification.,3334.800048828125,3102213.0,0.5316668384782107,2026-10-09 15:10 IST,Yahoo 5-minute quote,Updated,,,2026-10-09,True,2.0,90.0,30.0,60.0,91806.75,3060.225,226307.25,246.50393353429897,2024-04-23,2025-05-23,33.33333333333333,100.0,Corporate action cost review,"Quantity reconciles, but one or more lots carry zero recorded cost, usually requiring corporate-action cost allocation."
EASY TRIP PLANNERS LTD,1500.0,0.0,-0.3460204186943594,5.760000228881836,1500.0,-0.0199999809265136,8640.000343322754,EASY TRIP PLANNERS LTD,Easy Trip Planners,Easy Trip Planners,EASEMYTRIP.NS,Travel,Mapped,Ticker mapped for Yahoo/NSE refresh.,-29.999971389770508,0.2047626605367776,Monitor,Low,No urgent action; monitor with the rest of the portfolio.,True,Risk review,0.0,Relative strength is above its 50-day average; p&f shows a bearish breakdown,,"[100.0,95.96,97.63,97.96,113.68,129.22,122.76,120.34,119.15,117.87,116.95,112.36,111.68,110.15,110.87,106.19,101.99,99.54,97.7,101.39,100.88,98.07,98.05,99.02,96.94,94.24,95.19,96.96,96.4,93.93,94.47,94.62,94.6,94.33,94.87,96.33,96.08,94.74,91.34,92.7,90.65,90.95,89.84,90.13,89.71,90.86,90.21,89.04,89.52,87.81,83.83,87.32,83.55,84.25,83.54,82.91,84.99,83.04,82.67,83.22,82.77,82.84,82.19,81.78,82.5,81.86,82.46,82.95,81.79,82.66,80.46,81.01,82.02,82.0,81.37,80.25,80.68,83.47,81.34,82.49,84.4,86.43,86.02,85.73,85.21,85.0,84.41,85.93,87.11,85.49]",0.9844607886064116,-10.192249733114,True,40.39,Bearish P&F breakdown,False,False,-5.30364961278873,-18.364451284518758,-40.18691422189832,EASEMYTRIP.NS,2026-10-09,2026-10-09T16:24+05:30,High,Broad weakness,Several measured trend and momentum signals agree negatively.,5.78000020980835,5815844.0,0.4004760325174465,2026-10-09 15:30 IST,Yahoo 5-minute quote,Updated,,,2026-10-09,True,1.0,1500.0,0.0,1500.0,0.0,,9840.0,,2024-11-29,2024-11-29,0.0,100.0,Corporate action cost review,"Quantity reconciles, but one or more lots carry zero recorded cost, usually requiring corporate-action cost allocation."
EICHER MOTORS LTD,15.0,0.0,4.174362763206507,7050.0,15.0,282.5,105750.0,EICHER MOTORS LTD,Eicher Motors,Eicher Motors,EICHERMOT.NS,Auto,Mapped,Ticker mapped for Yahoo/NSE refresh.,4237.5,2.5062095476071145,Monitor,Low,No urgent action; monitor with the rest of the portfolio.,True,Risk review,0.0,Technical data was not strong enough to classify clearly.,,"[100.0,99.29,99.11,99.76,100.69,102.36,102.63,102.1,105.03,103.53,102.52,103.44,103.47,103.47,103.58,103.2,104.16,102.19,96.93,97.16,98.17,99.51,100.84,101.71,101.6,99.46,98.33,97.25,97.57,98.98,99.45,101.7,101.08,102.48,102.89,105.24,103.85,104.44,105.11,103.69,105.82,105.4,107.16,106.13,106.8,107.09,107.52,106.18,106.43,106.83,107.27,107.62,107.29,107.24,106.84,107.06,106.52,106.94,106.58,106.5,107.47,106.67,104.79,106.4,103.68,103.11,102.55,103.54,104.32,104.72,104.59,102.32,103.42,104.05,102.97,102.39,102.36,101.21,101.22,102.06,102.61,102.12,102.7,102.29,100.11,101.15,100.34,99.8,99.74,102.32]",-2.0373155696789436,4.052259175328898,False,38.58,"Rising P&F column, no fresh breakout yet",False,False,-8.188659932098673,-4.03737377413107,-13.017987391511953,EICHERMOT.NS,2026-10-09,2026-10-09T16:24+05:30,High,Broad positive confirmation,Most measured trend and momentum signals agree positively.,6767.5,543348.0,1.5169454048403956,2026-10-09 15:10 IST,Yahoo 5-minute quote,Updated,,,2026-10-09,True,1.0,15.0,15.0,0.0,44432.8095,2962.1873,75364.69,169.61495536310844,2022-07-07,2022-07-07,100.0,100.0,Cost basis available,Quantity and recorded acquisition cost reconcile with the current holding.
FREDUN PHARMACEUTICALS LIMITED,120.0,0.0,1.344917301883397,1552.300048828125,120.0,20.60009765625,186276.005859375,FREDUN PHARMACEUTICALS LIMITED,Fredun Pharmaceuticals,Fredun Pharmaceuticals,FREDUN.NS,Pharma,Mapped,Ticker mapped for Yahoo/NSE refresh.,2472.01171875,4.414626046098197,Monitor,Low,No urgent action; monitor with the rest of the portfolio.,True,Partial: Monitor,35.0,"Rsi is in a constructive momentum zone; p&f shows a bullish breakout History available for 37 trading days, so long-term context is limited.",,"[100.0,99.37,101.97,99.29,98.99,99.76,103.08,103.08,101.72,99.21,104.07,105.37,103.86,102.87,98.72,95.08,101.41,103.34,99.87,95.9,88.21,91.42,92.42,95.61,98.05,98.31,98.46,98.44,102.19,103.67,104.58,102.04,102.21,104.19,109.99,117.49,117.25]",,,,64.49,Bullish P&F breakout,,,,,0.0,FREDUN.NS,2026-10-09,2026-10-09T16:24+05:30,High,Mixed evidence,The indicators do not yet agree strongly enough for a directional classification.,1531.699951171875,395565.0,2.870297304504465,2026-10-09 15:25 IST,Yahoo 5-minute quote,Updated,,Unusual volume (2.9x 20-day average),2026-10-09,True,2.0,120.0,40.0,80.0,101414.0,2535.35,56182.0,55.39866290650206,2026-05-05,2026-07-16,33.33333333333333,100.0,Corporate action cost review,"Quantity reconciles, but one or more lots carry zero recorded cost, usually requiring corporate-action cost allocation."
GANGES SECURITIES LIMITED,87.0,0.0,0.1934076665522033,113.97000122070312,87.0,0.220001220703125,9915.390106201172,GANGES SECURITIES LIMITED,Ganges Securities,Ganges Securities,GANGESSECU.NS,Financials,Mapped,Ticker mapped for Yahoo/NSE refresh.,19.140106201171875,0.2349886085334326,Monitor,Low,No urgent action; monitor with the rest of the portfolio.,True,Risk review,15.0,Relative strength is above its 50-day average; rsi is in a constructive momentum zone; p&f shows a bearish breakdown,,"[100.0,98.46,98.56,99.82,98.98,101.65,98.92,100.62,99.17,100.06,98.15,96.42,94.72,96.01,97.26,96.94,96.14,96.24,94.45,94.45,94.73,95.03,94.92,93.36,91.74,92.39,91.34,91.17,92.64,91.28,93.06,91.53,90.36,89.98,91.21,92.37,92.31,91.55,92.09,89.24,89.09,87.88,92.21,92.11,93.31,92.22,91.32,89.82,90.67,90.65,88.85,91.27,92.57,92.64,91.84,93.81,93.6,94.36,94.26,92.91,90.16,89.26,89.51,90.96,91.49,92.8,92.1,94.96,92.21,90.66,90.7,90.29,90.94,92.11,89.68,89.77,89.83,90.5,90.45,90.0,92.24,92.18,93.14,92.83,95.2,93.86,95.15,94.33,96.78,95.49]",3.9020823288727025,4.536986509229846,True,46.85,Bearish P&F breakdown,False,False,-2.540096248912771,-6.4864981989332104,-29.71322509363712,GANGESSECU.NS,2026-10-09,2026-10-09T16:24+05:30,High,Mixed evidence,The indicators do not yet agree strongly enough for a directional classification.,113.75,155.0,0.1027238385578898,2026-10-09 15:25 IST,Yahoo 5-minute quote,Updated,,,2026-10-09,False,,,,,,,,,,,,,No matched cost record,No matching open lot was found in the supplied P&L report.
INGERSOLL-RAND INDIA LTD,40.0,0.0,0.6323115349612829,4026.5,40.0,25.300048828125,161060.0,INGERSOLL-RAND INDIA LTD,Ingersoll-Rand India,Ingersoll-Rand India,INGERRAND.NS,Industrials,Mapped,Ticker mapped for Yahoo/NSE refresh.,1012.001953125,3.8170223143035633,Monitor,Low,No urgent action; monitor with the rest of the portfolio.,True,Risk review,0.0,Relative strength is below its 50-day average; rsi is weak or oversold; p&f shows a bearish breakdown,,"[100.0,102.28,105.48,105.2,105.05,105.63,108.67,109.97,113.22,115.41,116.69,121.88,119.1,120.82,120.89,118.63,116.93,116.81,117.17,116.24,114.97,111.87,114.2,111.55,113.45,111.78,112.92,113.05,112.34,113.01,119.65,117.3,116.38,115.18,116.82,113.89,113.13,112.34,108.93,109.0,109.18,110.18,108.78,111.18,108.72,110.12,109.44,107.42,108.28,107.59,115.21,116.13,112.7,118.49,117.21,118.31,117.05,116.8,114.81,114.57,115.51,121.5,120.65,120.88,124.01,122.73,122.97,120.57,120.59,120.02,118.18,117.36,113.86,111.67,109.66,106.93,108.25,106.72,108.21,111.22,111.48,113.01,113.34,111.97,113.63,113.03,111.02,111.45,111.37,110.37]",-3.0899862079916796,-2.260893398340047,False,29.77,Bearish P&F breakdown,False,False,-9.155230526350422,-0.5157824743723061,-17.548889116412415,INGERRAND.NS,2026-10-09,2026-10-09T16:24+05:30,High,Mixed evidence,The indicators do not yet agree strongly enough for a directional classification.,4001.199951171875,7530.0,0.400504220452841,2026-10-09 15:25 IST,Yahoo 5-minute quote,Updated,,,2026-10-09,False,,,,,,,,,,,,,No matched cost record,No matching open lot was found in the supplied P&L report.
INOX WIND LIMITED,948.0,0.0,6.759572641477729,66.6500015258789,948.0,4.220001220703125,63184.2014465332,INOX WIND LIMITED,Inox Wind,Inox Wind,INOXWIND.NS,Renewables,Mapped,Ticker mapped for Yahoo/NSE refresh.,4000.5611572265625,1.497426467359175,Monitor,Low,No urgent action; monitor with the rest of the portfolio.,True,Risk review,0.0,Relative strength is below its 50-day average,,"[100.0,102.89,104.5,102.71,103.42,100.75,99.58,105.58,106.34,106.78,106.71,104.42,105.93,108.07,106.43,105.71,105.41,104.22,106.07,105.03,104.63,102.48,100.8,99.86,97.31,95.17,94.73,92.83,91.01,91.83,90.72,90.22,90.94,90.45,88.78,89.21,90.01,90.33,87.5,87.7,86.13,89.37,89.28,90.05,89.64,89.35,88.89,83.18,84.14,83.49,83.42,83.55,88.52,85.2,83.81,83.62,83.2,83.31,82.94,82.47,81.2,80.77,78.81,78.87,80.67,84.34,84.99,86.73,86.66,89.07,87.81,88.36,87.7,87.86,86.56,88.94,89.76,90.23,86.41,86.4,88.59,86.64,86.94,84.53,84.54,83.03,83.1,81.78,78.21,82.22]",-3.6137082385248154,-13.202353088219422,False,38.95,"Rising P&F column, no fresh breakout yet",False,False,-9.621969084275994,-26.26331281625044,-57.61526135079242,INOXWIND.NS,2026-10-09,2026-10-09T16:24+05:30,High,Broad weakness,Several measured trend and momentum signals agree negatively.,62.43000030517578,36220235.0,3.4822806902308563,2026-10-09 15:15 IST,Yahoo 5-minute quote,Updated,,Exceptional move (+6.76%) on 3.5x 20-day volume,2026-10-09,False,,,,,,,,,,,,,No matched cost record,No matching open lot was found in the supplied P&L report.
LAURUS LABS LIMITED,150.0,0.0,1.937031417937174,2036.5999755859373,150.0,38.699951171875,305489.9963378906,LAURUS LABS LIMITED,Laurus Labs,Laurus Labs,LAURUSLABS.NS,Pharma,Mapped,Ticker mapped for Yahoo/NSE refresh.,5804.99267578125,7.239923834709068,Core exposure,Medium,Meaningful exposure; keep the thesis and technical structure under review.,True,Leader / hold,100.0,Price is above the 50dma; price is above the 200dma; relative strength is above its 50-day average; rsi is in a constructive momentum zone; p&f shows a bullish breakout,,"[100.0,101.92,103.71,101.64,101.82,100.47,101.67,99.56,97.85,96.38,95.63,95.25,98.22,99.45,103.51,101.35,101.65,105.57,106.33,103.92,105.8,106.93,105.54,101.96,102.89,104.15,104.98,106.23,106.97,106.25,106.78,105.19,106.54,108.58,108.77,109.3,111.47,117.78,120.65,121.42,121.82,123.67,122.03,125.21,124.18,124.48,125.13,124.92,125.09,124.26,124.1,120.67,122.06,122.77,121.92,122.95,121.27,121.13,124.96,126.57,129.55,129.85,127.68,125.77,126.83,126.78,125.14,128.18,132.67,132.72,133.75,135.4,135.32,133.79,135.48,134.72,139.12,138.37,139.48,142.6,141.61,144.05,143.27,143.36,145.25,143.72,147.64,148.96,149.01,149.58]",13.68258539431193,42.47749705447894,True,60.75,Bullish P&F breakout,True,True,6.789741562497209,47.719654394703895,-0.7891695662924247,LAURUSLABS.NS,2026-10-09,2026-10-09T16:24+05:30,High,Broad positive confirmation,Most measured trend and momentum signals agree positively.,1997.9000244140625,1285063.0,0.7463780874833623,2026-10-09 15:15 IST,Yahoo 5-minute quote,Updated,,,2026-10-09,True,1.0,150.0,150.0,0.0,54051.42,360.3428,221198.58,409.2373151343665,2023-01-08,2023-01-08,100.0,100.0,Cost basis available,Quantity and recorded acquisition cost reconcile with the current holding.
MAHINDRA & MAHINDRA LTD,50.0,0.0,1.4829910421721992,2792.0,50.0,40.800048828125,139600.0,MAHINDRA & MAHINDRA LTD,Mahindra & Mahindra,Mahindra & Mahindra,M&M.NS,Auto,Mapped,Ticker mapped for Yahoo/NSE refresh.,2040.00244140625,3.30843359665204,Monitor,Medium,No urgent action; monitor with the rest of the portfolio.,True,Risk review,0.0,Relative strength is below its 50-day average; rsi is weak or oversold; p&f shows a bearish breakdown,,"[100.0,99.74,100.93,99.38,98.97,99.12,101.58,100.61,102.24,101.75,101.28,101.07,98.98,98.25,98.3,98.9,103.29,100.78,99.57,100.86,101.81,101.76,103.38,103.22,101.67,99.75,99.97,100.79,99.21,98.61,100.01,102.29,101.23,102.1,102.43,105.32,102.99,104.17,104.99,102.76,105.08,108.29,108.07,108.72,109.42,108.41,111.17,110.88,109.0,106.97,107.51,108.31,107.0,108.35,108.12,107.96,107.45,107.44,107.88,106.66,104.62,104.5,102.39,103.03,101.56,100.01,100.88,100.99,100.76,100.99,100.52,99.97,99.55,100.86,100.11,98.46,98.58,98.24,97.38,98.23,100.2,100.4,99.85,99.94,97.97,97.48,96.21,95.07,96.01,96.1]",-6.767724867482516,-3.8725166712698877,False,25.77,Bearish P&F breakdown,False,False,-12.658437454978422,-13.652064571775224,-25.689978046130957,M&M.NS,2026-10-09,2026-10-09T16:24+05:30,High,Broad positive confirmation,Most measured trend and momentum signals agree positively.,2751.199951171875,1121399.0,0.4580731377690707,2026-10-09 15:15 IST,Yahoo 5-minute quote,Updated,,,2026-10-09,True,1.0,50.0,50.0,0.0,57048.825,1140.9765,115721.18,202.8458605413871,2022-07-07,2022-07-07,100.0,100.0,Cost basis available,Quantity and recorded acquisition cost reconcile with the current holding.
MAGADH SUGAR & ENERGY LTD,109.0,0.0,-1.0557238120361578,538.9000244140625,109.0,-5.75,58740.10266113281,MAGADH SUGAR & ENERGY LTD,Magadh Sugar & Energy,Magadh Sugar & Energy,MAGADSUGAR.NS,Sugar / Energy,Mapped,Ticker mapped for Yahoo/NSE refresh.,-626.75,1.3921040767541666,Monitor,Low,No urgent action; monitor with the rest of the portfolio.,True,Leader / hold,80.0,Price is above the 200dma; relative strength is above its 50-day average; rsi is in a constructive momentum zone; p&f shows a bullish breakout,,"[100.0,100.48,101.18,100.8,100.67,101.17,102.66,99.84,100.9,99.35,98.17,99.66,98.04,99.73,99.55,99.23,99.33,98.72,100.73,100.51,100.22,103.33,106.69,111.24,107.84,108.56,107.73,109.92,111.0,109.94,109.81,109.81,107.75,111.36,109.87,110.29,109.73,107.3,105.48,104.5,109.24,108.75,115.02,118.54,110.64,112.37,111.05,114.3,112.97,111.55,116.11,117.07,122.84,122.15,125.38,133.44,129.15,129.02,124.46,123.55,118.08,124.88,126.61,122.49,121.42,122.72,119.83,125.11,122.62,122.94,121.73,119.34,116.58,113.32,112.78,111.06,107.57,110.21,111.44,112.98,124.18,123.75,124.01,122.76,119.58,125.51,126.98,130.22,129.65,126.32]",5.544954241221922,17.256961318978114,True,50.47,Bullish P&F breakout,False,True,-0.9930049486845505,11.730602624253649,-13.164671992572707,MAGADSUGAR.NS,2026-10-09,2026-10-09T16:24+05:30,High,Broad positive confirmation,Most measured trend and momentum signals agree positively.,544.6500244140625,19097.0,0.4212850772164786,2026-10-09 15:25 IST,Yahoo 5-minute quote,Updated,,,2026-10-09,False,,,,,,,,,,,,,No matched cost record,No matching open lot was found in the supplied P&L report.
NIPPON L I A M LTD,100.0,0.0,0.5387700071581625,1045.0,100.0,5.5999755859375,104500.0,NIPPON L I A M LTD,Nippon Life India AMC,Nippon Life India AMC,NAM-INDIA.NS,Asset Management,Mapped,Ticker mapped for Yahoo/NSE refresh.,559.99755859375,2.4765853212760613,Monitor,Low,No urgent action; monitor with the rest of the portfolio.,True,Risk review,0.0,Price is above the 200dma; relative strength is below its 50-day average; rsi is weak or oversold; p&f shows a bearish breakdown,,"[100.0,104.31,103.22,98.77,100.31,99.56,98.5,100.61,103.9,103.49,104.2,105.1,106.74,106.48,105.66,104.35,104.42,107.42,106.48,108.89,109.86,110.45,108.99,107.64,106.98,110.07,108.27,108.32,106.91,106.94,103.23,106.69,105.75,104.0,103.49,100.79,101.29,103.74,103.19,104.13,102.57,103.43,102.64,106.4,107.53,106.75,104.34,103.44,103.13,103.85,103.16,103.12,106.09,103.61,107.69,108.59,110.1,109.75,107.22,107.28,105.73,104.63,102.22,104.16,104.24,103.37,103.17,106.74,105.95,104.37,106.57,106.98,105.9,103.21,101.77,104.14,103.41,104.52,104.47,105.38,106.76,102.49,101.11,101.31,100.15,101.16,101.1,99.38,101.38,100.37]",-3.799107122358547,-7.294960425893682,False,34.57,Bearish P&F breakdown,False,True,-9.8278190864583,1.5571579523366186,-16.466826538768984,NAM-INDIA.NS,2026-10-09,2026-10-09T16:24+05:30,High,Broad positive confirmation,Most measured trend and momentum signals agree positively.,1039.4000244140625,241529.0,0.2803136443315432,2026-10-09 15:10 IST,Yahoo 5-minute quote,Updated,,,2026-10-09,True,1.0,100.0,100.0,0.0,105574.9,1055.749,15925.1,15.08417246902436,2026-05-05,2026-05-05,100.0,100.0,Cost basis available,Quantity and recorded acquisition cost reconcile with the current holding.
NETWORK18 MEDIA & INV LTD,581.0,0.0,1.230017023028318,24.690000534057617,581.0,0.3000011444091797,14344.890310287476,NETWORK18 MEDIA & INV LTD,Network18 Media & Investments,Network18 Media & Investments,NETWORK18.NS,Media,Mapped,Ticker mapped for Yahoo/NSE refresh.,174.3006649017334,0.3399650217968724,Monitor,Low,No urgent action; monitor with the rest of the portfolio.,True,Risk review,0.0,Relative strength is below its 50-day average; rsi is weak or oversold; p&f shows a bearish breakdown,,"[100.0,100.24,112.1,107.93,106.79,103.16,101.69,105.31,107.29,110.64,111.75,112.5,110.56,110.61,108.22,108.2,107.06,103.42,103.61,106.51,107.3,106.95,104.86,103.08,101.48,99.44,99.6,101.41,102.53,101.61,97.25,96.55,95.61,94.29,92.8,91.76,93.26,92.82,92.66,93.29,93.75,93.86,92.63,95.19,93.76,95.22,93.87,92.46,91.83,90.26,91.0,91.67,91.39,90.31,88.9,96.46,94.05,95.51,95.15,95.6,91.58,90.29,84.98,88.7,86.75,87.49,90.34,88.36,87.07,86.33,86.36,85.74,85.29,85.83,86.13,87.13,86.46,86.86,87.11,88.84,88.34,87.12,87.69,87.67,87.14,86.81,88.38,87.28,85.14,84.87]",-5.294499238628825,-14.783300581622882,False,34.09,Bearish P&F breakdown,False,False,-11.2489823146532,-24.793821036221875,-52.881679742196354,NETWORK18.NS,2026-10-09,2026-10-09T16:24+05:30,High,Broad weakness,Several measured trend and momentum signals agree negatively.,24.38999938964844,2713183.0,0.8512902515391454,2026-10-09 15:30 IST,Yahoo 5-minute quote,Updated,,,2026-10-09,False,,,,,,,,,,,,,No matched cost record,No matching open lot was found in the supplied P&L report.
NEULAND LAB LTD.,40.0,0.0,-0.5948132286462071,20890.0,40.0,-125.0,835600.0,NEULAND LAB LTD.,Neuland Laboratories,Neuland Laboratories,NEULANDLAB.NS,Pharma,Mapped,Ticker mapped for Yahoo/NSE refresh.,-5000.0,19.80320281778255,Anchor exposure,High,Large exposure; confirm that the thesis and risk limit are still appropriate.,True,Risk review,10.0,Price is above the 200dma; rsi is weak or oversold,,"[100.0,98.8,98.89,100.72,100.82,100.82,101.81,100.77,98.59,96.08,97.48,98.33,98.94,97.89,103.82,103.35,103.31,104.44,106.83,107.28,107.88,107.77,107.36,107.04,108.55,110.79,109.27,106.37,106.85,107.21,105.48,104.01,106.26,105.66,104.46,105.4,106.14,107.34,106.41,110.37,107.95,106.6,108.96,107.24,111.02,120.47,127.47,123.05,127.05,124.29,127.86,129.44,131.2,130.03,129.55,130.53,128.91,126.64,126.32,129.83,129.7,127.78,126.12,127.88,128.43,127.68,126.7,128.41,134.42,130.65,134.55,133.04,130.44,130.59,129.58,129.45,128.17,127.84,126.78,126.74,126.97,126.28,127.21,127.08,129.43,131.1,129.69,129.18,128.85,126.13]",-0.23335211329079675,15.428355845070186,False,34.67,"Falling P&F column, wait for reversal",False,True,-6.420561852917672,22.344495880879546,-12.940195874140448,NEULANDLAB.NS,2026-10-09,2026-10-09T16:24+05:30,High,Broad positive confirmation,Most measured trend and momentum signals agree positively.,21015.0,23297.0,0.4621178234819805,2026-10-09 15:25 IST,Yahoo 5-minute quote,Updated,,,2026-10-09,True,2.0,40.0,40.0,0.0,131785.65,3294.64125,670174.35,508.5336301790066,2016-08-24,2023-11-30,100.0,100.0,Cost basis available,Quantity and recorded acquisition cost reconcile with the current holding.
ONESOURCE SPECL PHARMA L,100.0,0.0,-1.1432758017852929,1461.300048828125,100.0,-16.89990234375,146130.0048828125,ONESOURCE SPECL PHARMA L,OneSource Specialty Pharma,OneSource Specialty Pharma,ONESOURCE.NS,Pharma,Mapped,Ticker mapped for Yahoo/NSE refresh.,-1689.990234375,3.4631906707250963,Monitor,Low,No urgent action; monitor with the rest of the portfolio.,True,Risk review,25.0,Relative strength is above its 50-day average,,"[100.0,101.08,98.8,96.84,94.43,94.9,92.97,88.67,88.07,86.28,86.95,88.49,86.12,86.13,84.39,83.94,84.0,86.64,88.92,88.44,89.99,89.11,88.4,86.47,86.94,86.5,85.54,87.81,86.99,86.33,87.07,87.54,89.15,86.66,88.74,88.79,88.67,89.41,91.46,91.85,88.92,84.94,80.96,79.78,80.97,81.57,82.34,81.74,82.9,79.62,81.1,81.07,80.94,80.39,79.23,79.61,79.55,79.34,78.18,76.64,78.47,79.04,78.0,79.5,80.93,82.34,80.55,81.65,82.89,80.74,81.66,84.32,86.51,86.33,84.62,84.68,84.92,84.33,84.32,86.43,87.08,86.39,88.27,84.84,85.02,83.56,85.18,85.42,84.9,82.65]",0.17825020321433627,-3.368449869047463,True,35.9,"Falling P&F column, wait for reversal",False,False,-5.996098376778402,-7.295885742300956,-22.67435648896904,ONESOURCE.NS,2026-10-09,2026-10-09T16:24+05:30,High,Broad weakness,Several measured trend and momentum signals agree negatively.,1478.199951171875,190587.0,0.4745943945732181,2026-10-09 15:25 IST,Yahoo 5-minute quote,Updated,,,2026-10-09,True,1.0,100.0,0.0,100.0,0.0,,154000.0,,2025-01-23,2025-01-23,0.0,100.0,Corporate action cost review,"Quantity reconciles, but one or more lots carry zero recorded cost, usually requiring corporate-action cost allocation."
PEARL GLOBAL IND LIMITED,140.0,0.0,0.6916549886104129,1281.0999755859375,140.0,8.7999267578125,179353.99658203125,PEARL GLOBAL IND LIMITED,Pearl Global Industries,Pearl Global Industries,PGIL.NS,Textiles / Apparel,Mapped,Ticker mapped for Yahoo/NSE refresh.,1231.98974609375,4.250578710500052,Core exposure,High,Strong daily move; watch whether it follows through or simply retraces.,True,Leader / hold,100.0,Price is above the 50dma; price is above the 200dma; relative strength is above its 50-day average; rsi is in a constructive momentum zone; p&f shows a bullish breakout,,"[100.0,102.21,101.8,100.38,102.73,101.49,101.13,99.3,101.8,99.41,98.8,103.45,106.31,110.94,112.5,123.66,123.78,120.22,120.42,123.89,122.51,119.19,116.27,115.97,116.54,116.63,116.3,119.09,116.72,118.81,119.73,119.67,122.06,118.99,117.82,115.86,117.2,118.2,116.59,119.76,118.25,119.88,120.81,122.48,121.43,128.84,142.54,139.53,139.77,142.05,140.85,142.46,136.76,136.23,139.25,136.57,136.91,136.03,132.84,130.95,131.38,132.18,140.06,135.26,137.0,134.74,132.12,131.45,137.51,133.07,139.45,139.27,136.69,141.27,135.56,134.74,133.86,140.51,152.11,152.85,159.91,158.35,159.3,158.29,157.68,157.45,155.56,157.53,161.81,160.45]",14.576456552879492,37.96151281140334,True,59.2,Bullish P&F breakout,True,True,7.637550868698595,40.173884923885254,-3.611466472177083,PGIL.NS,2026-10-09,2026-10-09T16:24+05:30,High,Broad positive confirmation,Most measured trend and momentum signals agree positively.,1272.300048828125,48384.0,0.1937529257756984,2026-10-09 15:30 IST,Yahoo 5-minute quote,Updated,,,2026-10-09,True,1.0,140.0,140.0,0.0,48672.4,347.66,246167.6,505.7642524305356,2024-06-01,2024-06-01,100.0,100.0,Cost basis available,Quantity and recorded acquisition cost reconcile with the current holding.
PTC INDUSTRIES LIMITED,10.0,0.0,0.2656313853698355,24535.0,10.0,65.0,245350.0,PTC INDUSTRIES LIMITED,PTC Industries,PTC Industries,PTCIL.NS,Industrials,Mapped,Ticker mapped for Yahoo/NSE refresh.,650.0,5.814643144259154,Positive momentum,High,Strong daily move; watch whether it follows through or simply retraces.,True,Leader / hold,100.0,Price is above the 50dma; price is above the 200dma; relative strength is above its 50-day average; rsi is in a constructive momentum zone; p&f shows a bullish breakout,,"[100.0,98.35,97.86,97.44,98.47,99.23,97.95,97.9,96.86,91.91,91.44,89.34,93.93,91.43,90.34,89.54,90.04,89.16,88.56,89.17,89.24,90.76,90.68,88.55,87.73,88.37,88.56,88.84,88.56,88.62,88.68,90.92,90.81,89.67,90.32,91.61,90.98,90.8,90.36,90.28,89.69,89.01,89.27,90.28,90.23,91.34,95.38,96.18,93.81,93.53,94.67,94.79,102.32,98.72,97.12,97.43,102.31,107.42,104.21,103.41,102.05,109.15,108.66,113.3,113.9,119.12,119.45,119.57,119.17,115.03,113.45,119.75,116.76,116.42,116.19,115.87,113.33,112.47,112.98,113.18,113.41,114.5,120.23,118.4,118.84,121.05,122.74,132.01,134.5,132.8]",22.075449929616365,49.95621118163258,True,67.17,Bullish P&F breakout,True,True,14.738106239021898,33.50019724402487,-0.6076564715414179,PTCIL.NS,2026-10-09,2026-10-09T16:24+05:30,High,Mixed evidence,The indicators do not yet agree strongly enough for a directional classification.,24470.0,25918.0,0.9781521611962154,2026-10-09 15:25 IST,Yahoo 5-minute quote,Updated,,,2026-10-09,True,1.0,10.0,10.0,0.0,40652.25,4065.225,140147.75,344.7478306858784,2023-06-19,2023-06-19,100.0,100.0,Cost basis available,Quantity and recorded acquisition cost reconcile with the current holding.
RAMCO INDUSTRIES LIMITED,403.0,0.0,0.3611307972377409,291.79998779296875,403.0,1.04998779296875,117595.3950805664,RAMCO INDUSTRIES LIMITED,Ramco Industries,Ramco Industries,RAMCOIND.NS,Building Materials,Mapped,Ticker mapped for Yahoo/NSE refresh.,423.1450805664063,2.7869380794850707,Monitor,Low,No urgent action; monitor with the rest of the portfolio.,True,Risk review,0.0,Relative strength is below its 50-day average; rsi is weak or oversold; p&f shows a bearish breakdown,,"[100.0,99.42,101.3,100.07,98.38,95.89,93.87,95.77,95.21,93.43,95.43,93.76,93.04,97.61,95.12,97.5,110.51,107.21,109.21,106.94,106.81,107.17,109.79,112.96,110.92,117.26,115.47,116.61,115.21,115.34,113.73,111.78,111.38,109.49,107.93,107.08,105.39,106.5,104.76,104.52,103.51,102.23,102.91,102.09,102.92,104.42,105.99,116.89,114.76,110.94,110.55,111.23,110.03,107.69,106.15,110.07,107.78,106.02,107.81,108.25,105.86,103.79,100.95,100.94,100.34,101.47,101.47,101.84,101.12,101.02,101.42,102.27,103.2,103.97,103.0,105.68,103.8,102.12,103.16,104.53,104.19,102.8,103.61,102.79,102.15,100.44,98.97,100.37,100.08,98.92]",-5.226470156321006,-14.338167335717545,False,28.92,Bearish P&F breakdown,False,False,-11.177797486438745,-4.606609580439902,-22.370295003696494,RAMCOIND.NS,2026-10-09,2026-10-09T16:24+05:30,High,Broad positive confirmation,Most measured trend and momentum signals agree positively.,290.75,104062.0,1.121221230604463,2026-10-09 15:25 IST,Yahoo 5-minute quote,Updated,,,2026-10-09,True,1.0,403.0,403.0,0.0,45976.8192,114.0864,87053.48,189.34211090444464,2015-09-21,2015-09-21,100.0,100.0,Cost basis available,Quantity and recorded acquisition cost reconcile with the current holding.
STRIDES PHARMA SCI LTD,200.0,0.0,-0.9129918336714282,1085.300048828125,200.0,-10.0,217060.009765625,STRIDES PHARMA SCI LTD,Strides Pharma Science,Strides Pharma Science,STAR.NS,Pharma,Mapped,Ticker mapped for Yahoo/NSE refresh.,-2000.0,5.144187885374022,Monitor,Low,No urgent action; monitor with the rest of the portfolio.,True,Risk review,40.0,Price is above the 50dma; price is above the 200dma; relative strength is above its 50-day average; p&f shows a bearish breakdown,,"[100.0,94.6,96.57,93.84,93.75,91.46,93.25,97.2,98.59,99.58,99.66,99.69,99.59,99.7,100.16,99.88,97.83,100.13,98.76,98.19,100.58,100.74,99.83,100.41,97.61,95.87,95.31,94.4,94.67,93.4,92.75,95.31,93.38,92.39,92.52,92.72,91.58,92.46,92.15,93.18,94.61,90.43,89.77,87.22,85.08,87.88,88.24,87.21,87.47,86.48,85.89,84.66,86.26,83.22,83.94,86.68,85.99,86.58,85.59,85.42,85.52,88.51,88.55,89.65,92.37,92.62,93.37,104.31,104.83,106.15,108.43,105.43,104.69,107.7,108.14,108.96,110.35,108.77,108.68,109.68,108.32,106.88,109.98,105.06,102.9,102.65,101.58,103.47,105.84,103.28]",7.236347054060199,8.355525556969457,True,42.56,Bearish P&F breakdown,True,True,0.7618690775473391,7.770962430610484,-12.128566894898263,STAR.NS,2026-10-09,2026-10-09T16:24+05:30,High,Broad weakness,Several measured trend and momentum signals agree negatively.,1095.300048828125,183058.0,0.6904342171862896,2026-10-09 15:30 IST,Yahoo 5-minute quote,Updated,,,2026-10-09,True,1.0,200.0,200.0,0.0,86625.84000000001,433.1292000000001,106654.16,123.12049153000996,2023-06-27,2023-06-27,100.0,100.0,Cost basis available,Quantity and recorded acquisition cost reconcile with the current holding.
TATA STEEL LIMITED,300.0,0.0,1.0700141114510895,173.8000030517578,300.0,1.839996337890625,52140.000915527344,TATA STEEL LIMITED,Tata Steel,Tata Steel,TATASTEEL.NS,Metals,Mapped,Ticker mapped for Yahoo/NSE refresh.,551.9989013671875,1.2356857504183294,Monitor,Low,No urgent action; monitor with the rest of the portfolio.,True,Risk review,0.0,Relative strength is above its 50-day average; p&f shows a bearish breakdown,,"[100.0,98.95,97.54,96.52,95.57,95.09,95.23,94.89,93.33,92.17,93.31,93.72,92.89,92.56,90.86,89.01,88.84,89.59,88.5,86.55,87.27,88.37,88.47,87.97,88.52,87.19,87.66,85.65,86.66,85.05,85.4,85.84,85.56,85.7,86.36,86.23,85.41,85.06,84.13,85.73,85.85,86.75,86.41,86.8,87.71,86.48,85.46,86.08,85.12,83.99,83.2,83.21,84.26,84.32,83.62,83.03,82.71,84.15,84.07,84.7,84.24,83.9,82.55,83.52,84.01,83.94,86.23,85.14,84.28,86.86,86.26,84.51,86.62,86.29,87.47,85.91,84.93,85.67,87.88,88.87,89.07,89.64,91.41,89.62,87.52,87.22,86.43,85.6,86.13,85.73]",0.02550405355827845,-2.203116736834876,True,35.47,Bearish P&F breakdown,False,False,-6.165943473917645,-9.355644764836157,-19.78282502825873,TATASTEEL.NS,2026-10-09,2026-10-09T16:24+05:30,High,Mixed evidence,The indicators do not yet agree strongly enough for a directional classification.,171.9600067138672,12200273.0,0.461727949458906,2026-10-09 15:15 IST,Yahoo 5-minute quote,Updated,,,2026-10-09,True,1.0,300.0,300.0,0.0,12075.0,40.25,45822.0,379.4782608695653,2022-07-29,2022-07-29,100.0,100.0,Cost basis available,Quantity and recorded acquisition cost reconcile with the current holding.
TATA MOTORS LIMITED,100.0,0.0,-0.7018451908005874,410.2999877929688,100.0,-2.9000244140625,41029.99877929688,TATA MOTORS LIMITED,Tata Motors,Tata Motors,TMCV.NS,Auto,Mapped,Ticker mapped for Yahoo/NSE refresh.,-290.00244140625,0.9723855761605872,Monitor,Low,No urgent action; monitor with the rest of the portfolio.,True,Risk review,0.0,P&f shows a bearish breakdown,,"[100.0,99.48,98.67,97.93,96.83,98.64,97.67,105.09,108.0,107.38,106.04,106.81,105.4,106.65,105.43,108.11,114.16,112.26,111.75,113.22,115.01,112.93,111.88,110.6,110.05,109.38,108.76,108.13,107.87,109.17,106.64,107.51,105.49,105.81,105.39,107.19,106.62,106.56,107.78,105.74,107.0,112.15,114.94,114.02,114.88,117.89,115.91,114.37,114.25,115.75,119.99,120.75,119.64,120.36,122.04,121.32,119.91,120.47,119.91,122.35,119.78,117.78,118.44,118.29,114.8,117.78,117.51,118.38,117.18,114.96,113.9,112.67,113.11,112.32,114.36,115.14,115.57,114.44,116.41,116.01,117.46,116.96,117.42,115.11,114.7,117.33,117.8,117.08,116.2,113.63]",-2.555500050799464,4.475679402836374,False,36.63,Bearish P&F breakdown,False,False,-8.643368629980031,-4.234318685319405,-17.884114120883908,TMCV.NS,2026-10-09,2026-10-09T16:24+05:30,Medium,Mixed evidence,The indicators do not yet agree strongly enough for a directional classification.,413.2000122070313,4327242.0,0.665628255442147,2026-10-09 15:30 IST,Yahoo 5-minute quote,Updated,,,2026-10-09,True,1.0,100.0,100.0,0.0,23406.45,234.0645,21683.55,92.6392084233192,2023-06-20,2023-06-20,100.0,100.0,Cost basis available,Quantity and recorded acquisition cost reconcile with the current holding.
TATA MOTORS PASS VEH LTD,100.0,0.0,2.5274702917525094,279.8999938964844,100.0,6.899993896484375,27989.99938964844,TATA MOTORS PASS VEH LTD,Tata Motors Passenger Vehicles,Tata Motors Passenger Vehicles,TMPV.NS,Auto,Mapped,Ticker mapped for Yahoo/NSE refresh.,689.9993896484375,0.6633456615399925,Monitor,Low,No urgent action; monitor with the rest of the portfolio.,True,Risk review,0.0,Relative strength is below its 50-day average; p&f shows a bearish breakdown,,"[100.0,99.96,99.86,98.57,97.08,96.74,96.23,97.53,97.79,96.52,88.25,88.87,88.24,88.41,87.5,86.06,87.43,85.73,87.14,85.47,84.58,84.24,84.58,83.42,82.11,80.87,81.47,82.37,80.68,80.37,80.31,81.48,81.19,80.32,79.77,79.81,79.6,79.53,78.57,79.38,80.7,81.69,83.09,83.3,83.59,82.95,83.13,82.58,82.64,81.35,82.73,79.75,78.64,77.14,76.77,76.18,75.54,74.66,74.3,74.16,74.92,75.55,72.71,73.95,75.14,74.75,74.81,74.04,73.74,73.31,72.97,73.11,75.28,74.62,77.23,73.96,73.45,73.06,72.76,73.31,72.36,71.28,71.82,72.48,72.23,74.31,72.68,72.51,71.89,72.59]",-4.530745178513918,-10.897305842292472,False,36.89,Bearish P&F breakdown,False,False,-10.546502255524059,-17.984995872214636,-60.58904231906048,TMPV.NS,2026-10-09,2026-10-09T16:24+05:30,High,Broad weakness,Several measured trend and momentum signals agree negatively.,273.0,6219870.0,0.5348487100649917,2026-10-09 15:15 IST,Yahoo 5-minute quote,Updated,,,2026-10-09,True,1.0,100.0,100.0,0.0,35109.68,351.09680000000003,-129.68,-0.369356826949149,2023-06-20,2023-06-20,100.0,100.0,Cost basis available,Quantity and recorded acquisition cost reconcile with the current holding.
VIYASH SCIENTIFIC LIMITED,1000.0,0.0,-0.7631658810734354,234.05999755859372,1000.0,-1.8000030517578125,234059.99755859372,VIYASH SCIENTIFIC LIMITED,Viyash Scientific,Viyash Scientific,VIYASH.NS,Pharma,Mapped,Ticker mapped for Yahoo/NSE refresh.,-1800.0030517578125,5.547077074177262,Core exposure,Medium,Meaningful exposure; keep the thesis and technical structure under review.,True,Risk review,20.0,Price is above the 200dma,,"[100.0,100.03,102.87,102.43,103.44,102.84,102.42,100.35,98.99,97.38,95.91,99.32,99.64,105.61,104.49,106.28,106.14,106.74,109.03,112.76,113.85,114.66,112.47,108.22,106.55,109.17,106.63,108.96,107.47,107.78,106.78,103.85,101.65,101.59,99.51,99.23,98.2,100.37,97.74,98.39,96.85,96.48,99.87,101.37,104.17,104.27,105.66,103.66,98.96,99.22,100.34,97.04,95.62,97.01,103.25,100.69,104.41,103.3,104.79,99.33,97.96,100.7,98.81,99.63,99.12,99.36,101.66,101.24,100.36,100.89,100.7,99.59,97.48,94.28,95.6,96.77,97.56,97.51,97.83,97.34,96.93,97.07,96.89,95.98,95.39,93.89,94.43,98.23,98.9,96.65]",-2.473891729862865,-9.356767026599332,False,38.9,"Rising P&F column, no fresh breakout yet",False,True,-8.591666017385979,0.59784408333039,-20.42835206008441,VIYASH.NS,2026-10-09,2026-10-09T16:24+05:30,High,Broad positive confirmation,Most measured trend and momentum signals agree positively.,235.8600006103516,1549033.0,0.5946351805664926,2026-10-09 15:25 IST,Yahoo 5-minute quote,Updated,,,2026-10-09,True,1.0,1000.0,1000.0,0.0,94269.0,94.269,179031.0,189.9150303917513,2023-06-27,2023-06-27,100.0,100.0,Cost basis available,Quantity and recorded acquisition cost reconcile with the current holding.
VOLTAS LTD,150.0,0.0,0.300385231195488,1035.0999755859375,150.0,3.0999755859375,155264.99633789062,VOLTAS LTD,Voltas,Voltas,VOLTAS.NS,Consumer Durables,Mapped,Ticker mapped for Yahoo/NSE refresh.,464.996337890625,3.679684314243074,Monitor,Low,No urgent action; monitor with the rest of the portfolio.,True,Risk review,0.0,Relative strength is below its 50-day average; rsi is weak or oversold; p&f shows a bearish breakdown,,"[100.0,103.72,105.07,104.25,105.27,105.59,105.42,103.95,105.82,105.28,106.97,107.0,105.77,106.21,105.07,103.41,103.4,103.27,101.39,100.97,101.21,100.52,100.4,100.67,99.43,99.33,99.48,104.17,105.48,106.63,106.67,104.54,105.06,104.91,102.12,103.41,104.65,102.71,101.85,101.38,103.26,102.48,101.07,101.77,99.67,98.22,98.73,96.75,97.6,98.13,97.88,100.97,96.78,96.03,93.72,93.05,94.13,94.6,94.26,92.45,92.58,91.04,90.19,92.2,88.78,90.52,90.12,90.28,88.35,88.76,90.23,90.73,90.43,89.93,89.39,86.74,89.19,85.97,87.76,88.75,89.35,92.13,89.37,87.74,87.33,87.63,87.1,86.85,87.17,85.98]",-7.028679610419419,-13.571370875866451,False,30.65,Bearish P&F breakdown,False,False,-12.896570546001563,-21.82150773294368,-33.5843689578981,VOLTAS.NS,2026-10-09,2026-10-09T16:24+05:30,High,Broad weakness,Several measured trend and momentum signals agree negatively.,1032.0,214653.0,0.2829267090350027,2026-10-09 15:15 IST,Yahoo 5-minute quote,Updated,,,2026-10-09,True,2.0,150.0,150.0,0.0,136104.63999999998,907.3642666666666,58970.36,43.32722234892213,2016-08-24,2024-09-19,100.0,100.0,Cost basis available,Quantity and recorded acquisition cost reconcile with the current holding.
VARDHMAN TEXTILES LIMITED,110.0,0.0,0.161190226689456,528.2000122070312,110.0,0.85003662109375,58102.00134277344,VARDHMAN TEXTILES LIMITED,Vardhman Textiles,Vardhman Textiles,VTL.NS,Textiles,Mapped,Ticker mapped for Yahoo/NSE refresh.,93.5040283203125,1.3769814704523893,Monitor,Low,No urgent action; monitor with the rest of the portfolio.,True,Risk review,0.0,P&f shows a bearish breakdown,,"[100.0,101.41,101.76,100.68,99.78,100.0,100.99,100.8,101.02,99.48,98.29,103.48,102.76,102.19,100.34,101.12,99.97,100.13,100.22,101.11,102.38,103.85,102.7,100.09,98.25,98.39,97.64,99.7,99.17,97.74,98.0,98.41,96.97,95.78,97.11,95.6,96.2,97.1,94.46,96.48,92.58,89.69,89.11,91.01,90.99,92.1,92.55,92.15,90.22,89.38,89.03,89.65,91.79,91.13,90.69,90.96,91.22,90.66,90.53,90.92,89.76,90.03,86.48,92.27,90.63,90.56,92.25,91.4,90.29,90.57,89.75,88.28,87.1,91.02,88.51,90.36,86.64,86.19,87.29,89.94,88.63,87.81,86.92,87.76,87.86,87.59,89.71,88.25,89.18,87.96]",-1.9899005292086214,-9.916194607679252,False,38.71,Bearish P&F breakdown,False,False,-8.119551245670786,-4.527174569178028,-20.04812802012703,VTL.NS,2026-10-09,2026-10-09T16:24+05:30,High,Broad weakness,Several measured trend and momentum signals agree negatively.,527.3499755859375,115255.0,0.3163310158231379,2026-10-09 15:30 IST,Yahoo 5-minute quote,Updated,,,2026-10-09,True,1.0,110.0,110.0,0.0,70304.432,639.1312,-4370.43,-6.216435970921435,2026-05-05,2026-05-05,100.0,100.0,Cost basis available,Quantity and recorded acquisition cost reconcile with the current holding.
